<?xml version="1.0" encoding="utf-8"?>
<!--/1098280/1841943/2.50/5/3/Variable Resistor/-->
<quadcept_library>
  <setting unit="mil" />
  <textstyle name="Default" height="47.244094488189" strokewidth="7.8740157480315" charwidth="47.244094488189" />
  <textstyle name="Dimension" height="19.6850393700787" strokewidth="0" charwidth="19.6850393700787" />
  <textstyle name="H127W0635TH00762" height="50" strokewidth="3" charwidth="25" />
  <textstyle name="H15W15TH02" height="59.0551181102362" strokewidth="7.8740157480315" charwidth="59.0551181102362" />
  <padstyle name="c150_h100" surface="False" plated="True" isvia="False" nopaste="True" nomask="True" complex="False" holesize="39.370078740157">
    <padshape layer="TOP" shape="round" width="59.055118110235" height="59.055118110235" />
    <padshape layer="TOP_SOLDER_MASK" shape="round" width="66.929133858267" height="66.929133858267" />
    <padshape layer="INNER" shape="round" width="59.055118110235" height="59.055118110235" />
    <padshape layer="BOTTOM" shape="round" width="59.055118110235" height="59.055118110235" />
    <padshape layer="BOTTOM_SOLDER_MASK" shape="round" width="66.929133858267" height="66.929133858267" />
  </padstyle>
  <padstyle name="s150_h100" surface="False" plated="True" isvia="False" nopaste="True" nomask="True" complex="False" holesize="39.370078740157">
    <padshape layer="TOP" shape="square" width="59.055118110235" height="59.055118110235" />
    <padshape layer="TOP_SOLDER_MASK" shape="square" width="66.929133858267" height="66.929133858267" />
    <padshape layer="INNER" shape="square" width="59.055118110235" height="59.055118110235" />
    <padshape layer="BOTTOM" shape="square" width="59.055118110235" height="59.055118110235" />
    <padshape layer="BOTTOM_SOLDER_MASK" shape="square" width="66.929133858267" height="66.929133858267" />
  </padstyle>
  <padstyle name="c316.5_h211" surface="False" plated="True" isvia="False" nopaste="True" nomask="True" complex="False" holesize="83.070866141731">
    <padshape layer="TOP" shape="round" width="124.6062992126" height="124.6062992126" />
    <padshape layer="TOP_SOLDER_MASK" shape="round" width="132.48031496063" height="132.48031496063" />
    <padshape layer="INNER" shape="round" width="124.6062992126" height="124.6062992126" />
    <padshape layer="BOTTOM" shape="round" width="124.6062992126" height="124.6062992126" />
    <padshape layer="BOTTOM_SOLDER_MASK" shape="round" width="132.48031496063" height="132.48031496063" />
  </padstyle>
  <footprint name="RD901F4015R1B100K00DL1" originx="0" originy="0" pickpointx="0" pickpointy="0">
    <pcbpin number="1" name="1" style="s150_h100" originx="0" originy="0" rotation="90" />
    <pcbpin number="2" name="2" style="c150_h100" originx="98.425196850392" originy="0" rotation="90" />
    <pcbpin number="3" name="3" style="c150_h100" originx="196.85039370078" originy="0" rotation="90" />
    <pcbpin number="4" name="4" style="c316.5_h211" originx="-90.551181102361" originy="295.27559055118" rotation="90" />
    <pcbpin number="5" name="5" style="c316.5_h211" originx="287.40157480315" originy="295.27559055118" rotation="90" />
    <line layer="TOP_ASSEMBLY" originx="-88.582677165353" originy="486.22047244094" endx="285.43307086614" endy="486.22047244094" width="3.9370078740157" />
    <line layer="TOP_ASSEMBLY" originx="285.43307086614" originy="486.22047244094" endx="285.43307086614" endy="39.370078740157" width="3.9370078740157" />
    <line layer="TOP_ASSEMBLY" originx="285.43307086614" originy="39.370078740157" endx="-88.582677165353" endy="39.370078740157" width="3.9370078740157" />
    <line layer="TOP_ASSEMBLY" originx="-88.582677165353" originy="39.370078740157" endx="-88.582677165353" endy="486.22047244094" width="3.9370078740157" />
    <line layer="TOP_PLACE_BOUND" originx="-192.24409448819" originy="525.5905511811" endx="389.09448818897" endy="525.5905511811" width="3.9370078740157" />
    <line layer="TOP_PLACE_BOUND" originx="389.09448818897" originy="525.5905511811" endx="389.09448818897" endy="-68.897637795275" width="3.9370078740157" />
    <line layer="TOP_PLACE_BOUND" originx="389.09448818897" originy="-68.897637795275" endx="-192.24409448819" endy="-68.897637795275" width="3.9370078740157" />
    <line layer="TOP_PLACE_BOUND" originx="-192.24409448819" originy="-68.897637795275" endx="-192.24409448819" endy="525.5905511811" width="3.9370078740157" />
    <line layer="TOP_SILKSCREEN" originx="-88.582677165353" originy="212.59842519685" endx="-88.582677165353" endy="39.370078740157" width="7.8740157480314" />
    <line layer="TOP_SILKSCREEN" originx="-88.582677165353" originy="39.370078740157" endx="-39.370078740157" endy="39.370078740157" width="7.8740157480314" />
    <line layer="TOP_SILKSCREEN" originx="-88.582677165353" originy="370.07874015748" endx="-88.582677165353" endy="486.22047244094" width="7.8740157480314" />
    <line layer="TOP_SILKSCREEN" originx="-88.582677165353" originy="486.22047244094" endx="285.43307086614" endy="486.22047244094" width="7.8740157480314" />
    <line layer="TOP_SILKSCREEN" originx="285.43307086614" originy="486.22047244094" endx="285.43307086614" endy="370.07874015748" width="7.8740157480314" />
    <line layer="TOP_SILKSCREEN" originx="0" originy="-47.244094488188" endx="0" endy="-47.244094488188" width="3.9370078740157" />
    <arc layer="TOP_SILKSCREEN" originx="-2.7318479936642E-15" originy="-45.275590551181" startangle="-90.0" sweepangle="180.0" radius="1.9685039370078" width="3.9370078740157" />
    <line layer="TOP_SILKSCREEN" originx="0" originy="-43.307086614173" endx="0" endy="-43.307086614173" width="3.9370078740157" />
    <arc layer="TOP_SILKSCREEN" originx="-2.7318479936642E-15" originy="-45.275590551181" startangle="90.0" sweepangle="180.0" radius="1.9685039370078" width="3.9370078740157" />
    <line layer="TOP_SILKSCREEN" originx="244.09448818897" originy="39.370078740157" endx="285.43307086614" endy="39.370078740157" width="7.8740157480314" />
    <line layer="TOP_SILKSCREEN" originx="285.43307086614" originy="39.370078740157" endx="285.43307086614" endy="212.59842519685" width="7.8740157480314" />
  </footprint>
  <symbol name="RD901F-40-15R1-B100K-00DL1" originx="0" originy="0">
    <line originx="200" originy="100" endx="900" endy="100" width="0" />
    <line originx="900" originy="-300" endx="900" endy="100" width="0" />
    <line originx="900" originy="-300" endx="200" endy="-300" width="0" />
    <line originx="200" originy="100" endx="200" endy="-300" width="0" />
    <sympin number="1" originx="200" originy="0" rotation="180" length="100" width="7.8740157480315" flipped="False">
      <text name="pinname" originx="230" originy="0" style="Default" rotation="0" justify="left" flipped="False" hidden="False" data="CCW" />
      <text name="pindes" originx="140" originy="20" style="Default" rotation="0" justify="lowerright" flipped="False" hidden="False" data="1" />
    </sympin>
    <sympin number="2" originx="200" originy="-100" rotation="180" length="100" width="7.8740157480315" flipped="False">
      <text name="pinname" originx="230" originy="-100" style="Default" rotation="0" justify="left" flipped="False" hidden="False" data="WIPER" />
      <text name="pindes" originx="140" originy="-80" style="Default" rotation="0" justify="lowerright" flipped="False" hidden="False" data="2" />
    </sympin>
    <sympin number="3" originx="200" originy="-200" rotation="180" length="100" width="7.8740157480315" flipped="False">
      <text name="pinname" originx="230" originy="-200" style="Default" rotation="0" justify="left" flipped="False" hidden="False" data="CW" />
      <text name="pindes" originx="140" originy="-180" style="Default" rotation="0" justify="lowerright" flipped="False" hidden="False" data="3" />
    </sympin>
    <sympin number="4" originx="900" originy="0" rotation="0" length="100" width="7.8740157480315" flipped="False">
      <text name="pinname" originx="870" originy="0" style="Default" rotation="0" justify="right" flipped="False" hidden="False" data="MH1" />
      <text name="pindes" originx="960" originy="20" style="Default" rotation="0" justify="lowerleft" flipped="False" hidden="False" data="4" />
    </sympin>
    <sympin number="5" originx="900" originy="-100" rotation="0" length="100" width="7.8740157480315" flipped="False">
      <text name="pinname" originx="870" originy="-100" style="Default" rotation="0" justify="right" flipped="False" hidden="False" data="MH2" />
      <text name="pindes" originx="960" originy="-80" style="Default" rotation="0" justify="lowerleft" flipped="False" hidden="False" data="5" />
    </sympin>
  </symbol>
  <component name="RD901F-40-15R1-B100K-00DL1" designatorprefix="VR" height="1023.6220472441" footprint="RD901F4015R1B100K00DL1">
    <comppin designator="1" sympin="1" pinswap="0" gateswap="0" gate="1" group="1" side="" type="Any" name="CCW" />
    <comppin designator="2" sympin="2" pinswap="0" gateswap="0" gate="1" group="1" side="" type="Any" name="WIPER" />
    <comppin designator="3" sympin="3" pinswap="0" gateswap="0" gate="1" group="1" side="" type="Any" name="CW" />
    <comppin designator="4" sympin="4" pinswap="0" gateswap="0" gate="1" group="1" side="" type="Any" name="MH1" />
    <comppin designator="5" sympin="5" pinswap="0" gateswap="0" gate="1" group="1" side="" type="Any" name="MH2" />
    <attached_symbol gate="1" name="RD901F-40-15R1-B100K-00DL1" />
    <pinmap designator="1" footprintpin="1" />
    <pinmap designator="2" footprintpin="2" />
    <pinmap designator="3" footprintpin="3" />
    <pinmap designator="4" footprintpin="4" />
    <pinmap designator="5" footprintpin="5" />
    <text name="Datasheet" originx="0" originy="0" style="Default" rotation="0" justify="" flipped="False" hidden="True" data="https://eu.mouser.com/datasheet/2/13/alpha_taiwan_08192019_RD901F-40-15R1-B(resistance_-1627810.pdf" />
    <text name="Description" originx="0" originy="0" style="Default" rotation="0" justify="" flipped="False" hidden="True" data="Potentiometers 9mm Linear 100K Round Shaft 50 mW (1/20 W) Power Rating 50 VAC , -10C to +70C" />
    <text name="Manufacturer_Name" originx="0" originy="0" style="Default" rotation="0" justify="" flipped="False" hidden="True" data="Alpha (Taiwan)" />
    <text name="Manufacturer_Part_Number" originx="950" originy="200" style="Default" rotation="0" justify="left" flipped="False" hidden="False" data="RD901F-40-15R1-B100K-00DL1" />
    <text name="Mouser Part Number" originx="0" originy="0" style="Default" rotation="0" justify="" flipped="False" hidden="True" data="311-1940F-15R1-B100K" />
    <text name="Mouser Price/Stock" originx="0" originy="0" style="Default" rotation="0" justify="" flipped="False" hidden="True" data="https://www.mouser.co.uk/ProductDetail/Alpha-Taiwan/RD901F-40-15R1-B100K-00DL1?qs=1mbolxNpo8czbLgndpJJVQ%3D%3D" />
    <text name="Arrow Part Number" originx="0" originy="0" style="Default" rotation="0" justify="" flipped="False" hidden="True" data="" />
    <text name="Arrow Price/Stock" originx="0" originy="0" style="Default" rotation="0" justify="" flipped="False" hidden="True" data="" />
  </component>
</quadcept_library>
